[ 
    {
    "id": "ghfjnhgfng",
    "name": "my-app",
    "price": "500",
    "img": "https://upload.wikimedia.org/wikipedia/commons/thumb/e/e5/1886_Starley_%27Rover%27_Safety_Cycle_British_Motor_Museum_09-2016_%2829928044262%29.jpg/220px-1886_Starley_%27Rover%27_Safety_Cycle_British_Motor_Museum_09-2016_%2829928044262%29.jpg",
    "color": "green",
    "ratting": "0.5"
    
  },
  {
    "id": "ghfjnhgfng",
    "name": "my-map",
    "price": "500",
    "img": "https://upload.wikimedia.org/wikipedia/commons/thumb/e/e5/1886_Starley_%27Rover%27_Safety_Cycle_British_Motor_Museum_09-2016_%2829928044262%29.jpg/220px-1886_Starley_%27Rover%27_Safety_Cycle_British_Motor_Museum_09-2016_%2829928044262%29.jpg",
    "color": "green",
    "ratting": "0.5"
    
  }
  ]


